{
  "best_val_acc": 0.9968111201962387,
  "epochs_ran": 10.0,
  "test_loss": 0.011274131320675332,
  "test_acc": 0.9969201417279913
}