{
  "ardis": 0.9936948297604036,
  "emnist_digits": 0.9975243972445464,
  "mnist": 0.9957639085004236,
  "usps": 0.9904559915164369
}